Workbook

Sheet Cómo usarla
B2: MAPA DE OBSERVACIÓN
B3: Qué mirar antes de abrir el video · Pablo Granados
B5: Un análisis sin pregunta es una colección de clips. Este mapa ordena lo que mirás en cada partido para que el video responda algo concreto.
B6: Está escrito con ejemplos de futsal. Sirve igual para fútbol: cambian las estructuras (líneas, espacios, tiempos de juego), no las preguntas.
B8: CÓMO USARLA
B9: 1. Elegí 2 fases para el partido. No mires todo: priorizá lo que tu equipo está trabajando esta semana.
B10: 2. Dentro de cada fase, quedate con 1 o 2 principios. Cada uno trae una pregunta y qué buscar en el video.
B11: 3. Mirá el partido con esas preguntas y marcá en la hoja si se cumple, se cumple a medias o no se cumple. Anotá el minuto.
B12: 4. Cerrá con una sola decisión: qué se entrena el martes. Si no hay decisión, el análisis no terminó.
B14: En la hoja "Mapa", completá las columnas F, G y H. La columna F tiene un menú desplegable.

Sheet Mapa
A1: Fase | B1: Principio | C1: Pregunta de observación | D1: Qué buscar en el video | E1: Indicador de ejemplo | F1: ¿Se cumple? | G1: Minutos / evidencia | H1: Decisión de entrenamiento
A2: Ataque organizado | B2: Ocupación de espacios | C2: ¿La estructura ofrece líneas de pase y ocupa ambos lados de la cancha? | D2: Distancias entre jugadores, dos jugadores en el mismo carril, pivote fijo o móvil, quién da la profundidad. | E2: % de posesiones que llegan al último tercio.
A3: Ataque organizado | B3: Circulación | C3: ¿Mueve la pelota para desordenar al rival o la juega hacia adelante sin ventaja? | D3: Cambios de lado, uso del pase atrás, paciencia ante la presión, pérdidas por apuro. | E3: Pases por posesión antes del remate.
A4: Ataque organizado | B4: Finalización | C4: ¿Qué situaciones generan los remates y desde dónde? | D4: Jugada previa al remate, zona de remate, remates tras 1v1, tras pared o tras segunda jugada. | E4: Remates por posesión y zona de remate.
A5: Defensa organizada | B5: Presión | C5: ¿Dónde presiona el equipo y qué dispara la presión? | D5: Altura de la línea de presión, presión zonal o individual, quién sale primero, señal para salir. | E5: Recuperaciones en campo rival.
A6: Defensa organizada | B6: Cobertura y equilibrio | C6: ¿Hay cobertura al que presiona? ¿Qué espacios deja libres? | D6: Distancia entre presionante y cobertura, espalda del pivote, pase interior que rompe la presión. | E6: Remates recibidos desde la zona central.
A7: Defensa organizada | B7: Faltas y acumuladas | C7: ¿Cómo se gestionan las faltas? ¿Llega al límite del tiempo con margen? | D7: Faltas por tiempo, quién las comete, cuándo se llega a la quinta, faltas tácticas vs. por llegar tarde. | E7: Faltas por tiempo y minuto en que llega a la quinta.
A8: Transición ofensiva | B8: Primer pase | C8: ¿Qué hace el equipo en los 3 segundos posteriores a recuperar? | D8: Quién juega primero, hacia dónde, si busca al pivote, al lateral o al arquero. | E8: % de recuperaciones que terminan en ataque directo.
A9: Transición ofensiva | B9: Velocidad y número | C9: ¿Cuántos jugadores se suman y a qué velocidad llegan al remate? | D9: Carriles ocupados, apoyos en profundidad, segundos entre recuperar y rematar. | E9: Ataques que terminan en remate dentro de 10 segundos.
A10: Transición ofensiva | B10: Elección: contra o pausa | C10: ¿Elige bien entre contragolpear y asegurar la posesión? | D10: Contraataques sin superioridad numérica, pérdidas inmediatas después de recuperar. | E10: Pérdidas dentro de los 5 segundos posteriores a recuperar.
A11: Transición defensiva | B11: Reacción inmediata | C11: ¿Presiona la pelota al perderla o se repliega? ¿En cuántos segundos se reorganiza? | D11: Quién reacciona primero, si hay un criterio común, si el equipo queda partido. | E11: Segundos hasta recuperar o hasta tener la estructura formada.
A12: Transición defensiva | B12: Protección del centro y del arco | C12: ¿Dónde se pierde la pelota y qué espacio queda desprotegido? | D12: Zona de pérdidas, jugadores por detrás de la pelota, cobertura del carril central. | E12: Mapa de zonas de pérdida y remates recibidos tras pérdida.
A13: Transición defensiva | B13: Cuando falla | C13: ¿Cómo corrige el equipo cuando la reacción llega tarde? | D13: Faltas tácticas, retroceso del arquero, 1v1 que deja el equipo en inferioridad. | E13: Faltas tácticas y ocasiones concedidas en transición.
... A19: Situaciones especiales | B19: Gestión del partido | C19: ¿Cómo usa el equipo los tiempos muertos, los cambios y los últimos minutos? | D19: Momento del tiempo muerto, cambios con intención, ajustes entre tiempos. | E19: Resultado y juego antes y después de cada decisión de banco.

Sheet Resumen
A1: Fase | B1: Sí | C1: Parcial | D1: No | E1: Sin completar
A2: Ataque organizado | B2: =COUNTIFS(Mapa!$A$2:$A$19,A2,Mapa!$F$2:$F$19,"Sí") | C2: =COUNTIFS(Mapa!$A$2:$A$19,A2,Mapa!$F$2:$F$19,"Parcial") | D2: =COUNTIFS(Mapa!$A$2:$A$19,A2,Mapa!$F$2:$F$19,"No") | E2: =COUNTIFS(Mapa!$A$2:$A$19,A2,Mapa!$F$2:$F$19,"")
A3: Defensa organizada | B3: =COUNTIFS(Mapa!$A$2:$A$19,A3,Mapa!$F$2:$F$19,"Sí") | C3: =COUNTIFS(Mapa!$A$2:$A$19,A3,Mapa!$F$2:$F$19,"Parcial") | D3: =COUNTIFS(Mapa!$A$2:$A$19,A3,Mapa!$F$2:$F$19,"No") | E3: =COUNTIFS(Mapa!$A$2:$A$19,A3,Mapa!$F$2:$F$19,"")
A4: Transición ofensiva | B4: =COUNTIFS(Mapa!$A$2:$A$19,A4,Mapa!$F$2:$F$19,"Sí") | C4: =COUNTIFS(Mapa!$A$2:$A$19,A4,Mapa!$F$2:$F$19,"Parcial") | D4: =COUNTIFS(Mapa!$A$2:$A$19,A4,Mapa!$F$2:$F$19,"No") | E4: =COUNTIFS(Mapa!$A$2:$A$19,A4,Mapa!$F$2:$F$19,"")
A5: Transición defensiva | B5: =COUNTIFS(Mapa!$A$2:$A$19,A5,Mapa!$F$2:$F$19,"Sí") | C5: =COUNTIFS(Mapa!$A$2:$A$19,A5,Mapa!$F$2:$F$19,"Parcial") | D5: =COUNTIFS(Mapa!$A$2:$A$19,A5,Mapa!$F$2:$F$19,"No") | E5: =COUNTIFS(Mapa!$A$2:$A$19,A5,Mapa!$F$2:$F$19,"")
A6: Pelota parada | B6: =COUNTIFS(Mapa!$A$2:$A$19,A6,Mapa!$F$2:$F$19,"Sí") | C6: =COUNTIFS(Mapa!$A$2:$A$19,A6,Mapa!$F$2:$F$19,"Parcial") | D6: =COUNTIFS(Mapa!$A$2:$A$19,A6,Mapa!$F$2:$F$19,"No") | E6: =COUNTIFS(Mapa!$A$2:$A$19,A6,Mapa!$F$2:$F$19,"")
A7: Situaciones especiales | B7: =COUNTIFS(Mapa!$A$2:$A$19,A7,Mapa!$F$2:$F$19,"Sí") | C7: =COUNTIFS(Mapa!$A$2:$A$19,A7,Mapa!$F$2:$F$19,"Parcial") | D7: =COUNTIFS(Mapa!$A$2:$A$19,A7,Mapa!$F$2:$F$19,"No") | E7: =COUNTIFS(Mapa!$A$2:$A$19,A7,Mapa!$F$2:$F$19,"")
A10: Priorizá las fases con más "No" y "Parcial": ahí está la decisión de la semana.
