Workbook

Sheet Cómo usarla
B2: PANEL DE CODIFICACIÓN
B3: Capturar lo que importa, no todo · Pablo Granados
B5: Codificar todo es la forma más rápida de no analizar nada. Un panel sirve cuando cada botón responde una pregunta que ya tenías antes de abrir el video.
B6: Este panel parte del mapa de observación, está pensado para futsal y se adapta a fútbol cambiando zonas y estructuras. Sirve en Nacsport, LongoMatch o en una hoja de cálculo.
B8: CÓMO USARLA
B9: 1. En la hoja "Panel" está el diseño: categorías, descriptores y para qué sirve cada una. Copialo a tu software o usalo tal cual.
B10: 2. En la hoja "Registro" anotás cada jugada: minuto, categoría y descriptores. Los menús desplegables evitan escribir distinto lo mismo.
B11: 3. La hoja "Resumen" cuenta sola cuántas jugadas hay de cada categoría y cuántas terminaron en cada resultado.
B13: Para otro partido, copiá la hoja "Registro" y renombrala con el rival.

Sheet Panel
A1: Categoría (botón) | B1: Responde | C1: Descriptor | D1: Opciones
A2: Ataque organizado | B2: ¿Cómo y por dónde progresa el equipo, y cómo termina la posesión? | C2: Estructura | D2: 3-1 · 2-2 · 4-0 · Otra
C3: Zona de inicio | D3: Propia · Media · Rival
C4: Resultado | D4: Remate · Pérdida · Falta recibida · Saque
A5: Defensa organizada | B5: ¿Dónde se presiona y qué consigue la presión? | C5: Tipo | D5: Presión alta · Media · Baja · Individual
C6: Resultado | D6: Recuperación · Falta · Remate recibido · Gol recibido
A7: Transición ofensiva | B7: ¿Ataca rápido o asegura la posesión, y le sirve? | C7: Zona de recuperación | D7: Propia · Media · Rival
C8: Decisión | D8: Directo · Pausa · Pérdida inmediata
C9: Resultado | D9: Remate · Falta · Pérdida
A10: Transición defensiva | B10: ¿Reacciona o se desordena? ¿Dónde pierde la pelota? | C10: Zona de pérdida | D10: Propia · Media · Rival
C11: Reacción | D11: Presiona · Se repliega · Falta táctica · Tarde
C12: Resultado | D12: Recupera · Remate recibido · Gol recibido · Se ordena
A13: Pelota parada | B13: ¿Qué rutinas se repiten y qué producen? | C13: Tipo | D13: Saque de banda · Córner · Tiro libre · Saque de meta · Doble penal
C14: Lado | D14: A favor · En contra
C15: Resultado | D15: Remate · Gol · Pérdida · Sin continuidad
A16: Portero-jugador | B16: ¿Cuándo se activa, qué produce y qué riesgo cuesta? | C16: Lado | D16: Propio · Rival
C17: Estructura | D17: 3-2 · 4-1 · Otra
C18: Resultado | D18: Remate · Gol a favor · Gol en contra (arco vacío) · Pérdida
A19: Remate | B19: ¿Desde dónde y cómo se genera cada remate? | C19: Zona | D19: Central cercana · Lateral · Lejana
C20: Origen | D20: 1v1 · Pared · Segunda jugada · Pelota parada · Transición
C21: Resultado | D21: Gol · Atajado · Afuera · Bloqueado · Poste
A22: Falta | B22: ¿Dónde y cuándo se faltan? ¿Se llega a las acumuladas con margen? | C22: Lado | D22: Cometida · Recibida
C23: Zona | D23: Propia · Media · Rival
C24: Acumulada | D24: 1 · 2 · 3 · 4 · 5 o más

Sheet Listas
A1: Categoría | B1: Tiempo | C1: Zona | D1: Resultado | E1: Lado
A2: Ataque organizado | B2: 1T | C2: Propia | D2: Remate | E2: A favor
A3: Defensa organizada | B3: 2T | C3: Media | D3: Gol | E3: En contra
A4: Transición ofensiva | B4: Prórroga | C4: Rival | D4: Pérdida
A5: Transición defensiva | D5: Falta
A6: Pelota parada | D6: Recuperación
A7: Portero-jugador | D7: Remate recibido
A8: Remate | D8: Gol recibido
A9: Falta | D9: Sin continuidad

Sheet Registro
A1: Min | B1: Tiempo | C1: Categoría | D1: Lado | E1: Zona | F1: Descriptor (estructura, tipo, origen) | G1: Resultado | H1: Jugadores | I1: Nota / clip

Sheet Resumen
A1: Categoría | B1: Jugadas | C1: Remate | D1: Gol | E1: Pérdida | F1: Falta | G1: Recuperación | H1: Remate recibido | I1: Gol recibido
A2: Ataque organizado | B2: =COUNTIF(Registro!$C$2:$C$201,A2) | C2: =COUNTIFS(Registro!$C$2:$C$201,$A2,Registro!$G$2:$G$201,"Remate") | D2: =COUNTIFS(Registro!$C$2:$C$201,$A2,Registro!$G$2:$G$201,"Gol") | E2: =COUNTIFS(Registro!$C$2:$C$201,$A2,Registro!$G$2:$G$201,"Pérdida") | F2: =COUNTIFS(Registro!$C$2:$C$201,$A2,Registro!$G$2:$G$201,"Falta") | G2: =COUNTIFS(Registro!$C$2:$C$201,$A2,Registro!$G$2:$G$201,"Recuperación") | H2: =COUNTIFS(Registro!$C$2:$C$201,$A2,Registro!$G$2:$G$201,"Remate recibido") | I2: =COUNTIFS(Registro!$C$2:$C$201,$A2,Registro!$G$2:$G$201,"Gol recibido")
A3: Defensa organizada | B3: =COUNTIF(Registro!$C$2:$C$201,A3) | C3: =COUNTIFS(Registro!$C$2:$C$201,$A3,Registro!$G$2:$G$201,"Remate") | D3: =COUNTIFS(Registro!$C$2:$C$201,$A3,Registro!$G$2:$G$201,"Gol") | E3: =COUNTIFS(Registro!$C$2:$C$201,$A3,Registro!$G$2:$G$201,"Pérdida") | F3: =COUNTIFS(Registro!$C$2:$C$201,$A3,Registro!$G$2:$G$201,"Falta") | G3: =COUNTIFS(Registro!$C$2:$C$201,$A3,Registro!$G$2:$G$201,"Recuperación") | H3: =COUNTIFS(Registro!$C$2:$C$201,$A3,Registro!$G$2:$G$201,"Remate recibido") | I3: =COUNTIFS(Registro!$C$2:$C$201,$A3,Registro!$G$2:$G$201,"Gol recibido")
A4: Transición ofensiva | B4: =COUNTIF(Registro!$C$2:$C$201,A4) | C4: =COUNTIFS(Registro!$C$2:$C$201,$A4,Registro!$G$2:$G$201,"Remate") | D4: =COUNTIFS(Registro!$C$2:$C$201,$A4,Registro!$G$2:$G$201,"Gol") | E4: =COUNTIFS(Registro!$C$2:$C$201,$A4,Registro!$G$2:$G$201,"Pérdida") | F4: =COUNTIFS(Registro!$C$2:$C$201,$A4,Registro!$G$2:$G$201,"Falta") | G4: =COUNTIFS(Registro!$C$2:$C$201,$A4,Registro!$G$2:$G$201,"Recuperación") | H4: =COUNTIFS(Registro!$C$2:$C$201,$A4,Registro!$G$2:$G$201,"Remate recibido") | I4: =COUNTIFS(Registro!$C$2:$C$201,$A4,Registro!$G$2:$G$201,"Gol recibido")
A5: Transición defensiva | B5: =COUNTIF(Registro!$C$2:$C$201,A5) | C5: =COUNTIFS(Registro!$C$2:$C$201,$A5,Registro!$G$2:$G$201,"Remate") | D5: =COUNTIFS(Registro!$C$2:$C$201,$A5,Registro!$G$2:$G$201,"Gol") | E5: =COUNTIFS(Registro!$C$2:$C$201,$A5,Registro!$G$2:$G$201,"Pérdida") | F5: =COUNTIFS(Registro!$C$2:$C$201,$A5,Registro!$G$2:$G$201,"Falta") | G5: =COUNTIFS(Registro!$C$2:$C$201,$A5,Registro!$G$2:$G$201,"Recuperación") | H5: =COUNTIFS(Registro!$C$2:$C$201,$A5,Registro!$G$2:$G$201,"Remate recibido") | I5: =COUNTIFS(Registro!$C$2:$C$201,$A5,Registro!$G$2:$G$201,"Gol recibido")
A6: Pelota parada | B6: =COUNTIF(Registro!$C$2:$C$201,A6) | C6: =COUNTIFS(Registro!$C$2:$C$201,$A6,Registro!$G$2:$G$201,"Remate") | D6: =COUNTIFS(Registro!$C$2:$C$201,$A6,Registro!$G$2:$G$201,"Gol") | E6: =COUNTIFS(Registro!$C$2:$C$201,$A6,Registro!$G$2:$G$201,"Pérdida") | F6: =COUNTIFS(Registro!$C$2:$C$201,$A6,Registro!$G$2:$G$201,"Falta") | G6: =COUNTIFS(Registro!$C$2:$C$201,$A6,Registro!$G$2:$G$201,"Recuperación") | H6: =COUNTIFS(Registro!$C$2:$C$201,$A6,Registro!$G$2:$G$201,"Remate recibido") | I6: =COUNTIFS(Registro!$C$2:$C$201,$A6,Registro!$G$2:$G$201,"Gol recibido")
A7: Portero-jugador | B7: =COUNTIF(Registro!$C$2:$C$201,A7) | C7: =COUNTIFS(Registro!$C$2:$C$201,$A7,Registro!$G$2:$G$201,"Remate") | D7: =COUNTIFS(Registro!$C$2:$C$201,$A7,Registro!$G$2:$G$201,"Gol") | E7: =COUNTIFS(Registro!$C$2:$C$201,$A7,Registro!$G$2:$G$201,"Pérdida") | F7: =COUNTIFS(Registro!$C$2:$C$201,$A7,Registro!$G$2:$G$201,"Falta") | G7: =COUNTIFS(Registro!$C$2:$C$201,$A7,Registro!$G$2:$G$201,"Recuperación") | H7: =COUNTIFS(Registro!$C$2:$C$201,$A7,Registro!$G$2:$G$201,"Remate recibido") | I7: =COUNTIFS(Registro!$C$2:$C$201,$A7,Registro!$G$2:$G$201,"Gol recibido")
A8: Remate | B8: =COUNTIF(Registro!$C$2:$C$201,A8) | C8: =COUNTIFS(Registro!$C$2:$C$201,$A8,Registro!$G$2:$G$201,"Remate") | D8: =COUNTIFS(Registro!$C$2:$C$201,$A8,Registro!$G$2:$G$201,"Gol") | E8: =COUNTIFS(Registro!$C$2:$C$201,$A8,Registro!$G$2:$G$201,"Pérdida") | F8: =COUNTIFS(Registro!$C$2:$C$201,$A8,Registro!$G$2:$G$201,"Falta") | G8: =COUNTIFS(Registro!$C$2:$C$201,$A8,Registro!$G$2:$G$201,"Recuperación") | H8: =COUNTIFS(Registro!$C$2:$C$201,$A8,Registro!$G$2:$G$201,"Remate recibido") | I8: =COUNTIFS(Registro!$C$2:$C$201,$A8,Registro!$G$2:$G$201,"Gol recibido")
A9: Falta | B9: =COUNTIF(Registro!$C$2:$C$201,A9) | C9: =COUNTIFS(Registro!$C$2:$C$201,$A9,Registro!$G$2:$G$201,"Remate") | D9: =COUNTIFS(Registro!$C$2:$C$201,$A9,Registro!$G$2:$G$201,"Gol") | E9: =COUNTIFS(Registro!$C$2:$C$201,$A9,Registro!$G$2:$G$201,"Pérdida") | F9: =COUNTIFS(Registro!$C$2:$C$201,$A9,Registro!$G$2:$G$201,"Falta") | G9: =COUNTIFS(Registro!$C$2:$C$201,$A9,Registro!$G$2:$G$201,"Recuperación") | H9: =COUNTIFS(Registro!$C$2:$C$201,$A9,Registro!$G$2:$G$201,"Remate recibido") | I9: =COUNTIFS(Registro!$C$2:$C$201,$A9,Registro!$G$2:$G$201,"Gol recibido")
A12: Filtrá la hoja "Registro" por resultado (por ejemplo, "Gol recibido") para armar los clips del informe.
